{
  "train_losses": [
    0.6303518615663052,
    0.6120496325194835,
    0.6084647431969643,
    0.590331780910492,
    0.5642477534711361,
    0.5493461988866329,
    0.5424023263156414,
    0.5367283571511507,
    0.5328173562884331,
    0.5305752374231816,
    0.5284481797367334,
    0.5255458921194076,
    0.5230399262160063,
    0.5217729516327381,
    0.520400571450591,
    0.519148825109005,
    0.5185169268399477,
    0.5175795927643776,
    0.5173544220626354,
    0.5166129656136036,
    0.5162630703300237,
    0.5162635326385498,
    0.5157643917948007,
    0.5151450168341398,
    0.5147244479507208,
    0.514554388076067,
    0.5141232311725616,
    0.5134615235030651,
    0.5129655502736569,
    0.5123943779617548
  ],
  "valid_losses": [
    null,
    null,
    null,
    null,
    0.5582719415426254,
    null,
    null,
    null,
    null,
    0.5334505900740624,
    null,
    null,
    null,
    null,
    0.5215148672461509,
    null,
    null,
    null,
    null,
    0.5181324899196624,
    null,
    null,
    null,
    null,
    0.5167865097522736,
    null,
    null,
    null,
    null,
    0.5155536472797394
  ],
  "valid_aucs": [
    null,
    null,
    null,
    null,
    0.7692871836502028,
    null,
    null,
    null,
    null,
    0.7936087785239682,
    null,
    null,
    null,
    null,
    0.8026399313923336,
    null,
    null,
    null,
    null,
    0.8058355462020211,
    null,
    null,
    null,
    null,
    0.8070553701531202,
    null,
    null,
    null,
    null,
    0.8084264119157469
  ],
  "valid_accs": [
    null,
    null,
    null,
    null,
    0.7036875,
    null,
    null,
    null,
    null,
    0.7169375,
    null,
    null,
    null,
    null,
    0.729625,
    null,
    null,
    null,
    null,
    0.73221875,
    null,
    null,
    null,
    null,
    0.73334375,
    null,
    null,
    null,
    null,
    0.73553125
  ],
  "best_valid_auc": 0.8084264119157469,
  "test_loss": 0.5145411670207978,
  "test_auc": 0.807027252438829,
  "test_acc": 0.73685,
  "config": {
    "n_questions": 50,
    "memory_size": 50,
    "key_dim": 50,
    "value_dim": 200,
    "summary_dim": 50,
    "q_embed_dim": 50,
    "qa_embed_dim": 200,
    "ability_scale": 3.0,
    "use_discrimination": true,
    "dropout_rate": 0.1,
    "batch_size": 32,
    "seq_len": 50,
    "learning_rate": 0.001,
    "n_epochs": 30,
    "max_grad_norm": 5.0,
    "weight_decay": 1e-05,
    "data_dir": "./data",
    "train_file": "train.txt",
    "test_file": "test.txt",
    "data_format": "txt",
    "data_style": "yeung",
    "dataset_name": "synthetic",
    "k_fold": 5,
    "fold_idx": 0,
    "device": "auto",
    "seed": 42,
    "save_dir": "save_models",
    "log_dir": "logs",
    "save_every": 10,
    "eval_every": 5,
    "verbose": true,
    "tensorboard": true,
    "q_matrix_path": null,
    "skill_mapping_path": null
  }
}