{
  "train_losses": [
    0.6685364093099322,
    0.6402452622141157,
    0.6356159925460816,
    0.6321513789040701,
    0.6301984872136798,
    0.6302176867212568,
    0.6293019465037755,
    0.6282152908188956,
    0.6299730692590986,
    0.6301096115793501,
    0.6294581651687622,
    0.6279840571539742,
    0.6291344472340175,
    0.6278357693127223,
    0.6284275310380119,
    0.6276343805449349,
    0.6275810156549726,
    0.6277151329176767,
    0.6273177572659083,
    0.6286222730364118,
    0.6271485260554722,
    0.6281004003116063,
    0.6271816577230181,
    0.6275922843388149,
    0.6279139144080026,
    0.6260140555245536,
    0.6267341426440648,
    0.6280931234359741,
    0.626694551536015,
    0.6257700834955487
  ],
  "valid_losses": [
    null,
    null,
    null,
    null,
    0.6256669362386068,
    null,
    null,
    null,
    null,
    0.6247401105033027,
    null,
    null,
    null,
    null,
    0.6242226031091478,
    null,
    null,
    null,
    null,
    0.6240746908717685,
    null,
    null,
    null,
    null,
    0.6224704053666856,
    null,
    null,
    null,
    null,
    0.6221363014645047
  ],
  "valid_aucs": [
    null,
    null,
    null,
    null,
    0.6421194197932718,
    null,
    null,
    null,
    null,
    0.6444300136187888,
    null,
    null,
    null,
    null,
    0.6456523806619396,
    null,
    null,
    null,
    null,
    0.6461743764624208,
    null,
    null,
    null,
    null,
    0.6479424982125154,
    null,
    null,
    null,
    null,
    0.6490272472419066
  ],
  "valid_accs": [
    null,
    null,
    null,
    null,
    0.6613868613138686,
    null,
    null,
    null,
    null,
    0.6610948905109489,
    null,
    null,
    null,
    null,
    0.6621897810218978,
    null,
    null,
    null,
    null,
    0.6632116788321167,
    null,
    null,
    null,
    null,
    0.6621167883211679,
    null,
    null,
    null,
    null,
    0.6626277372262773
  ],
  "best_valid_auc": 0.6490272472419066,
  "test_loss": 0.6309355009685863,
  "test_auc": 0.6384399613830258,
  "test_acc": 0.6513196480938417,
  "config": {
    "n_questions": 102,
    "memory_size": 50,
    "key_dim": 50,
    "value_dim": 200,
    "summary_dim": 50,
    "q_embed_dim": 50,
    "qa_embed_dim": 200,
    "ability_scale": 3.0,
    "use_discrimination": true,
    "dropout_rate": 0.1,
    "batch_size": 32,
    "seq_len": 50,
    "learning_rate": 0.001,
    "n_epochs": 30,
    "max_grad_norm": 5.0,
    "weight_decay": 1e-05,
    "data_dir": "./data",
    "train_file": "train.txt",
    "test_file": "test.txt",
    "data_format": "txt",
    "data_style": "yeung",
    "dataset_name": "assist2017",
    "k_fold": 5,
    "fold_idx": 0,
    "device": "auto",
    "seed": 42,
    "save_dir": "save_models",
    "log_dir": "logs",
    "save_every": 10,
    "eval_every": 5,
    "verbose": true,
    "tensorboard": true,
    "q_matrix_path": null,
    "skill_mapping_path": null
  }
}