{
  "train_losses": [
    0.630730078369379,
    0.6118864707648755,
    0.6086060889065266,
    0.5905896373093128,
    0.5651262752711773,
    0.551567955315113,
    0.5430258393287659,
    0.53815739415586,
    0.5349896110594272,
    0.5324393481016159,
    0.5302704572677612,
    0.5279944412410259,
    0.5262680351734161,
    0.5247389525175095,
    0.5237851187586784,
    0.5227159954607487,
    0.5211748860776424,
    0.5199693687260151,
    0.5191505774855614,
    0.5180608056485653,
    0.517605546861887,
    0.5174338422715664,
    0.51667336858809,
    0.5162755686789751,
    0.5158793032169342,
    0.5159915663301945,
    0.5153729174286127,
    0.515348955988884,
    0.5148422919213772,
    0.5145288430154323
  ],
  "valid_losses": [
    null,
    null,
    null,
    null,
    0.5545054703950882,
    null,
    null,
    null,
    null,
    0.5307694047689437,
    null,
    null,
    null,
    null,
    0.522284883260727,
    null,
    null,
    null,
    null,
    0.5165192276239395,
    null,
    null,
    null,
    null,
    0.5151276960968971,
    null,
    null,
    null,
    null,
    0.5133568808436394
  ],
  "valid_aucs": [
    null,
    null,
    null,
    null,
    0.7696645216064927,
    null,
    null,
    null,
    null,
    0.7941539585932301,
    null,
    null,
    null,
    null,
    0.8009579315322943,
    null,
    null,
    null,
    null,
    0.8057828202596147,
    null,
    null,
    null,
    null,
    0.8068217779127755,
    null,
    null,
    null,
    null,
    0.8085663942967399
  ],
  "valid_accs": [
    null,
    null,
    null,
    null,
    0.70690625,
    null,
    null,
    null,
    null,
    0.72140625,
    null,
    null,
    null,
    null,
    0.72915625,
    null,
    null,
    null,
    null,
    0.73346875,
    null,
    null,
    null,
    null,
    0.7325625,
    null,
    null,
    null,
    null,
    0.7334375
  ],
  "best_valid_auc": 0.8085663942967399,
  "test_loss": 0.5150650298595428,
  "test_auc": 0.8063597147723353,
  "test_acc": 0.733475,
  "config": {
    "n_questions": 50,
    "memory_size": 50,
    "key_dim": 50,
    "value_dim": 200,
    "summary_dim": 50,
    "q_embed_dim": 50,
    "qa_embed_dim": 200,
    "ability_scale": 3.0,
    "use_discrimination": true,
    "dropout_rate": 0.1,
    "batch_size": 32,
    "seq_len": 50,
    "learning_rate": 0.001,
    "n_epochs": 30,
    "max_grad_norm": 5.0,
    "weight_decay": 1e-05,
    "data_dir": "./data",
    "train_file": "train.txt",
    "test_file": "test.txt",
    "data_format": "txt",
    "data_style": "yeung",
    "dataset_name": "synthetic",
    "k_fold": 5,
    "fold_idx": 1,
    "device": "auto",
    "seed": 42,
    "save_dir": "save_models",
    "log_dir": "logs",
    "save_every": 10,
    "eval_every": 5,
    "verbose": true,
    "tensorboard": true,
    "q_matrix_path": null,
    "skill_mapping_path": null
  }
}