{
  "train_losses": [
    0.6314974889159203,
    0.6112201482057571,
    0.6077707462012768,
    0.5895671114325524,
    0.5639381624758244,
    0.5500245511531829,
    0.5403825387358665,
    0.535246292874217,
    0.5320229884237051,
    0.530012809112668,
    0.5280785657465458,
    0.5270778708159923,
    0.5266473341733218,
    0.5255796939134598,
    0.525226378813386,
    0.5243462543934584,
    0.5232675533741713,
    0.5225350268185138,
    0.5214702326804399,
    0.5204953297972679,
    0.5190405149012804,
    0.5184245567768813,
    0.5172007799148559,
    0.5167497456073761,
    0.5161655221134425,
    0.5151345249265432,
    0.5149563323706389,
    0.5143901951611042,
    0.5138697288930416,
    0.5139792840927839
  ],
  "valid_losses": [
    null,
    null,
    null,
    null,
    0.5560389816761017,
    null,
    null,
    null,
    null,
    0.5280863925814628,
    null,
    null,
    null,
    null,
    0.5227509930729866,
    null,
    null,
    null,
    null,
    0.5181417509913444,
    null,
    null,
    null,
    null,
    0.5144263833761216,
    null,
    null,
    null,
    null,
    0.5119468227028847
  ],
  "valid_aucs": [
    null,
    null,
    null,
    null,
    0.7695262866241148,
    null,
    null,
    null,
    null,
    0.7973614434422276,
    null,
    null,
    null,
    null,
    0.802066054201229,
    null,
    null,
    null,
    null,
    0.8050395774247902,
    null,
    null,
    null,
    null,
    0.8081612517429639,
    null,
    null,
    null,
    null,
    0.8104787776060454
  ],
  "valid_accs": [
    null,
    null,
    null,
    null,
    0.7056875,
    null,
    null,
    null,
    null,
    0.72765625,
    null,
    null,
    null,
    null,
    0.73265625,
    null,
    null,
    null,
    null,
    0.735875,
    null,
    null,
    null,
    null,
    0.7381875,
    null,
    null,
    null,
    null,
    0.73975
  ],
  "best_valid_auc": 0.8104787776060454,
  "test_loss": 0.5140668797492981,
  "test_auc": 0.8078089886837394,
  "test_acc": 0.737125,
  "config": {
    "n_questions": 50,
    "memory_size": 50,
    "key_dim": 50,
    "value_dim": 200,
    "summary_dim": 50,
    "q_embed_dim": 50,
    "qa_embed_dim": 200,
    "ability_scale": 3.0,
    "use_discrimination": true,
    "dropout_rate": 0.1,
    "batch_size": 32,
    "seq_len": 50,
    "learning_rate": 0.001,
    "n_epochs": 30,
    "max_grad_norm": 5.0,
    "weight_decay": 1e-05,
    "data_dir": "./data",
    "train_file": "train.txt",
    "test_file": "test.txt",
    "data_format": "txt",
    "data_style": "yeung",
    "dataset_name": "synthetic",
    "k_fold": 5,
    "fold_idx": 2,
    "device": "auto",
    "seed": 42,
    "save_dir": "save_models",
    "log_dir": "logs",
    "save_every": 10,
    "eval_every": 5,
    "verbose": true,
    "tensorboard": true,
    "q_matrix_path": null,
    "skill_mapping_path": null
  }
}