{
  "train_losses": [
    0.6303269058465958,
    0.61147850304842,
    0.6079517289996147,
    0.5914265394210816,
    0.5652867130935192,
    0.5506834425032139,
    0.542104647308588,
    0.5370673589408398,
    0.533696462213993,
    0.5319576889276505,
    0.5297148618847132,
    0.5271155130118131,
    0.5245838243514299,
    0.5231834646314383,
    0.5219254106283188,
    0.5207261506468057,
    0.5200721859931946,
    0.5186646394431591,
    0.5176133383065462,
    0.5170281700789928,
    0.515985605865717,
    0.5156747058033944,
    0.5156184770166874,
    0.5146752908825875,
    0.5145826771855354,
    0.513774574548006,
    0.513831778243184,
    0.5133232660591602,
    0.5131419904530048,
    0.51327072866261
  ],
  "valid_losses": [
    null,
    null,
    null,
    null,
    0.5585951894521713,
    null,
    null,
    null,
    null,
    0.5333744168281556,
    null,
    null,
    null,
    null,
    0.5237767115235329,
    null,
    null,
    null,
    null,
    0.5201247856020927,
    null,
    null,
    null,
    null,
    0.5176416739821434,
    null,
    null,
    null,
    null,
    0.5168025508522988
  ],
  "valid_aucs": [
    null,
    null,
    null,
    null,
    0.7658171819472042,
    null,
    null,
    null,
    null,
    0.7921918139894709,
    null,
    null,
    null,
    null,
    0.7995059721199265,
    null,
    null,
    null,
    null,
    0.8027582340757828,
    null,
    null,
    null,
    null,
    0.8050270360722884,
    null,
    null,
    null,
    null,
    0.8063651607319314
  ],
  "valid_accs": [
    null,
    null,
    null,
    null,
    0.70340625,
    null,
    null,
    null,
    null,
    0.72021875,
    null,
    null,
    null,
    null,
    0.72803125,
    null,
    null,
    null,
    null,
    0.7313125,
    null,
    null,
    null,
    null,
    0.73471875,
    null,
    null,
    null,
    null,
    0.736625
  ],
  "best_valid_auc": 0.8063651607319314,
  "test_loss": 0.5143093383312225,
  "test_auc": 0.8073295533040249,
  "test_acc": 0.73815,
  "config": {
    "n_questions": 50,
    "memory_size": 50,
    "key_dim": 50,
    "value_dim": 200,
    "summary_dim": 50,
    "q_embed_dim": 50,
    "qa_embed_dim": 200,
    "ability_scale": 3.0,
    "use_discrimination": true,
    "dropout_rate": 0.1,
    "batch_size": 32,
    "seq_len": 50,
    "learning_rate": 0.001,
    "n_epochs": 30,
    "max_grad_norm": 5.0,
    "weight_decay": 1e-05,
    "data_dir": "./data",
    "train_file": "train.txt",
    "test_file": "test.txt",
    "data_format": "txt",
    "data_style": "yeung",
    "dataset_name": "synthetic",
    "k_fold": 5,
    "fold_idx": 4,
    "device": "auto",
    "seed": 42,
    "save_dir": "save_models",
    "log_dir": "logs",
    "save_every": 10,
    "eval_every": 5,
    "verbose": true,
    "tensorboard": true,
    "q_matrix_path": null,
    "skill_mapping_path": null
  }
}