{
  "train_losses": [
    0.6313954569399357,
    0.6120308473706245,
    0.6086914248764514,
    0.5910816133022309,
    0.5655302464962005,
    0.5492020964622497,
    0.540368827804923,
    0.5344423204660416,
    0.5315485920757055,
    0.5294559832662344,
    0.527719147875905,
    0.5258758168667554,
    0.52428566403687,
    0.5228291790932417,
    0.5208519980311394,
    0.5195821978151798,
    0.518940483033657,
    0.518061651289463,
    0.517483527585864,
    0.5165345389395952,
    0.5154828660190105,
    0.5151985689997673,
    0.5144274819642305,
    0.5142133489251137,
    0.513448179140687,
    0.5127739556133747,
    0.5126661624759435,
    0.5125943638384343,
    0.5117974579334259,
    0.5114298440515995
  ],
  "valid_losses": [
    null,
    null,
    null,
    null,
    0.5571715831756592,
    null,
    null,
    null,
    null,
    0.5289816647768021,
    null,
    null,
    null,
    null,
    0.5206378296017646,
    null,
    null,
    null,
    null,
    0.5166810035705567,
    null,
    null,
    null,
    null,
    0.5138166293501853,
    null,
    null,
    null,
    null,
    0.5128678441047668
  ],
  "valid_aucs": [
    null,
    null,
    null,
    null,
    0.7677966699083185,
    null,
    null,
    null,
    null,
    0.7954695993780134,
    null,
    null,
    null,
    null,
    0.8023811371783259,
    null,
    null,
    null,
    null,
    0.8055166578996661,
    null,
    null,
    null,
    null,
    0.8083598408083773,
    null,
    null,
    null,
    null,
    0.8090330807581874
  ],
  "valid_accs": [
    null,
    null,
    null,
    null,
    0.7031875,
    null,
    null,
    null,
    null,
    0.72478125,
    null,
    null,
    null,
    null,
    0.731125,
    null,
    null,
    null,
    null,
    0.73271875,
    null,
    null,
    null,
    null,
    0.73484375,
    null,
    null,
    null,
    null,
    0.735375
  ],
  "best_valid_auc": 0.8090330807581874,
  "test_loss": 0.5136505007743836,
  "test_auc": 0.8081429736404335,
  "test_acc": 0.73625,
  "config": {
    "n_questions": 50,
    "memory_size": 50,
    "key_dim": 50,
    "value_dim": 200,
    "summary_dim": 50,
    "q_embed_dim": 50,
    "qa_embed_dim": 200,
    "ability_scale": 3.0,
    "use_discrimination": true,
    "dropout_rate": 0.1,
    "batch_size": 32,
    "seq_len": 50,
    "learning_rate": 0.001,
    "n_epochs": 30,
    "max_grad_norm": 5.0,
    "weight_decay": 1e-05,
    "data_dir": "./data",
    "train_file": "train.txt",
    "test_file": "test.txt",
    "data_format": "txt",
    "data_style": "yeung",
    "dataset_name": "synthetic",
    "k_fold": 5,
    "fold_idx": 3,
    "device": "auto",
    "seed": 42,
    "save_dir": "save_models",
    "log_dir": "logs",
    "save_every": 10,
    "eval_every": 5,
    "verbose": true,
    "tensorboard": true,
    "q_matrix_path": null,
    "skill_mapping_path": null
  }
}